project_slug,status,db_bytes,seconds
zeroturnaround__zt-zip_CVE-2018-1002201_1.12,ok,8405967,18
codehaus-plexus__plexus-archiver_CVE-2018-1002200_3.5,ok,10216536,19
codehaus-plexus__plexus-utils_CVE-2022-4244_3.0.23,ok,16796443,22
srikanth-lingala__zip4j_CVE-2018-1002202_1.3.2,failed,0,24
whitesource__curekit_CVE-2022-23082_1.1.3,ok,6743057,15
apache__sling-org-apache-sling-servlets-resolver_CVE-2024-23673_2.10.0,ok,11336895,26
jenkinsci__git-client-plugin_CVE-2019-10392_2.8.4,failed,0,36
jenkinsci__workflow-cps-global-lib-plugin_CVE-2022-25174_544.vff04fa68714d,ok,23589901,161
xwiki__xwiki-rendering_CVE-2023-32070_14.6,failed,0,12
jenkinsci__perfecto-plugin_CVE-2020-2261_1.17,ok,13959863,51
jenkinsci__workflow-multibranch-plugin_CVE-2022-25175_706.vd43c65dec013,ok,23128923,77
apache__nifi_CVE-2022-33140_1.16.2,failed,0,2400
OWASP__json-sanitizer_CVE-2020-13973_1.2.0,already,95707511,0
nahsra__antisamy_CVE-2017-14735_1.5.6,ok,10193492,28
nahsra__antisamy_CVE-2016-10006_1.5.3,ok,10193489,29
ESAPI__esapi-java-legacy_CVE-2022-24891_2.2.3.1,ok,27088859,35
apache__sling-org-apache-sling-xss_CVE-2016-5394_1.0.8,ok,7404893,19
jmrozanec__cron-utils_CVE-2021-41269_9.1.5,ok,13070363,25
asf__commons-text_CVE-2022-42889_1.9,ok,23557231,40
spring-cloud__spring-cloud-gateway_CVE-2022-22947_3.0.6,failed,0,774
spring-projects__spring-security_CVE-2011-2732_2.0.6.RELEASE,failed,0,6
apache__rocketmq_CVE-2023-33246_5.1.0,ok,119218137,268
ff4j__ff4j_CVE-2022-44262_1.8.13,ok,81171689,281
