DSpace__DSpace_CVE-2022-31192_5.10,1,165
asf__cxf_CVE-2019-17573_3.2.11,1,169
apache__tika_CVE-2018-11762_1.18,1,162
jeremylong__DependencyCheck_CVE-2018-12036_3.1.2,1,163
DSpace__DSpace_CVE-2022-31194_5.10,1,166
asf__karaf_CVE-2022-22932_4.3.5,1,165
wildfly__wildfly_CVE-2018-1047_11.0.0.Final,1,167
apache__rocketmq_CVE-2023-33246_5.1.0,1,171
dromara__hutool_CVE-2018-17297_4.1.11,1,165
DSpace__DSpace_CVE-2022-31195_5.10,1,165
apache__dolphinscheduler_CVE-2022-34662_2.0.9,1,164
apache__uima-uimaj_CVE-2022-32287_3.3.0,1,167
ff4j__ff4j_CVE-2022-44262_1.8.13,1,168
apache__dolphinscheduler_CVE-2023-49109_3.2.0,1,170
kubernetes-client__java_CVE-2020-8570_client-java-parent-9.0.1,1,168
asf__tapestry-5_CVE-2019-0207_5.4.4,1,165
joniles__mpxj_CVE-2020-35460_8.3.4,1,167
apache__dubbo_CVE-2021-30180_2.7.9,1,165
apache__dolphinscheduler_CVE-2022-26884_2.0.5,1,164
asf__cxf_CVE-2016-6812_3.0.11,1,172
apache__activemq_CVE-2020-11998_5.15.12,1,169
alibaba__nacos_CVE-2021-44667_2.0.3,1,165
spring-projects__spring-framework_CVE-2022-22965_5.2.19.RELEASE,1,171
apache__dolphinscheduler_CVE-2023-51770_3.2.0,1,170
asf__commons-text_CVE-2022-42889_1.9,1,12
apache__struts_CVE-2020-17530_2.5.25,1,12
eclipse__hawkbit_CVE-2020-27219_0.3.0M6,1,13
apache__mina-sshd_CVE-2023-35887_2.9.2,1,11
codecentric__spring-boot-admin_CVE-2022-46166_2.6.9,1,11
ESAPI__esapi-java-legacy_CVE-2022-24891_2.2.3.1,1,14
jenkinsci__workflow-cps-global-lib-plugin_CVE-2022-25174_544.vff04fa68714d,1,12
codehaus-plexus__plexus-utils_CVE-2022-4244_3.0.23,1,12
apache__rocketmq_CVE-2019-17572_4.6.0,1,12
diffplug__goomph_CVE-2022-26049_3.37.1,1,11
apache__jspwiki_CVE-2019-10089_2.11.0.M4,1,11
apache__jspwiki_CVE-2022-46907_2.11.3,1,12
jmrozanec__cron-utils_CVE-2021-41269_9.1.5,1,12
jlangch__venice_CVE-2022-36007_1.10.16,1,13
apache__jspwiki_CVE-2019-10078_2.11.0.M3,1,12
jenkinsci__workflow-multibranch-plugin_CVE-2022-25175_706.vd43c65dec013,1,14
apache__myfaces_CVE-2011-4367_2.0.11,1,14
apache__jspwiki_CVE-2019-0225_2.11.0.M2,1,13
apache__incubator-dubbo_CVE-2021-30181_2.6.8,1,14
apache__rocketmq_CVE-2023-37582_4.9.6,1,14
square__retrofit_CVE-2018-1000850_2.4.0,1,14
spring-cloud__spring-cloud-gateway_CVE-2022-22947_3.0.6,1,14
apache__jspwiki_CVE-2019-10076_2.11.0.M3,1,14
apache__jspwiki_CVE-2019-10077_2.11.0.M3,1,14
apache__shiro_CVE-2023-46749_1.12.0,1,12
jenkinsci__perfecto-plugin_CVE-2020-2261_1.17,1,10
apache__shiro_CVE-2023-34478_1.11.0,1,13
vert-x3__vertx-web_CVE-2018-12542_3.5.3.CR1,1,10
perwendel__spark_CVE-2018-9159_2.7.1,1,13
zeroturnaround__zt-zip_CVE-2018-1002201_1.12,1,10
nahsra__antisamy_CVE-2017-14735_1.5.6,1,10
undertow-io__undertow_CVE-2014-7816_1.0.16.Final,1,14
SpringSource__spring-security-oauth_CVE-2018-1260_2.3.2.RELEASE,1,11
apache__sling-org-apache-sling-servlets-resolver_CVE-2024-23673_2.10.0,1,11
nahsra__antisamy_CVE-2016-10006_1.5.3,1,11
x-stream__xstream_CVE-2021-21345_1.4.15,1,11
alibaba__one-java-agent_CVE-2022-25842_0.0.1,1,10
apache__sling-org-apache-sling-xss_CVE-2016-5394_1.0.8,1,10
whitesource__curekit_CVE-2022-23082_1.1.3,1,10
codehaus-plexus__plexus-archiver_CVE-2018-1002200_3.5,1,12
jenkinsci__workflow-cps-plugin_CVE-2022-25173_2646.v6ed3b5b01ff1,1,12
spring-cloud__spring-cloud-config_CVE-2020-5410_2.1.8.RELEASE,1,13
spring-cloud__spring-cloud-config_CVE-2020-5405_2.1.6.RELEASE,1,13
vert-x3__vertx-web_CVE-2019-17640_3.9.3,1,13
ESAPI__esapi-java-legacy_CVE-2022-23457_2.2.3.1,1,13
rhuss__jolokia_CVE-2018-1000129_1.4.0,1,12
asf__commons-io_CVE-2021-29425_2.6,1,12
jenkinsci__script-security-plugin_CVE-2023-24422_1228.vd93135a_2fb_25,1,13
OWASP__json-sanitizer_CVE-2020-13973_1.2.0,1,10
jenkinsci__docker-commons-plugin_CVE-2022-20617_1.17,1,9
xuxueli__xxl-job_CVE-2020-29204_2.2.0,1,11
codehaus-plexus__plexus-archiver_CVE-2023-37460_4.7.1,1,11
nahsra__antisamy_CVE-2022-29577_1.6.6.1,1,10
nahsra__antisamy_CVE-2022-28367_1.6.5,1,10
perwendel__spark_CVE-2016-9177_2.5.1,1,10
codehaus-plexus__plexus-utils_CVE-2017-1000487_3.0.15,1,10
