joniles__mpxj_CVE-2020-35460_8.3.4,0,118
asf__tapestry-5_CVE-2019-0207_5.4.4,0,145
kubernetes-client__java_CVE-2020-8570_client-java-parent-9.0.1,0,155
ff4j__ff4j_CVE-2022-44262_1.8.13,0,157
DSpace__DSpace_CVE-2022-31194_5.10,0,192
DSpace__DSpace_CVE-2022-31195_5.10,0,203
apache__uima-uimaj_CVE-2022-32287_3.3.0,0,216
jeremylong__DependencyCheck_CVE-2018-12036_3.1.2,0,129
apache__rocketmq_CVE-2023-33246_5.1.0,0,289
apache__dolphinscheduler_CVE-2023-49109_3.2.0,0,301
apache__dolphinscheduler_CVE-2023-51770_3.2.0,0,301
asf__karaf_CVE-2022-22932_4.3.5,0,177
alibaba__nacos_CVE-2021-44667_2.0.3,0,165
wildfly__wildfly_CVE-2018-1047_11.0.0.Final,0,367
apache__dolphinscheduler_CVE-2022-34662_2.0.9,0,154
apache__tika_CVE-2018-11762_1.18,0,176
DSpace__DSpace_CVE-2022-31192_5.10,0,382
dromara__hutool_CVE-2018-17297_4.1.11,0,247
apache__dolphinscheduler_CVE-2022-26884_2.0.5,0,144
apache__dubbo_CVE-2021-30180_2.7.9,0,304
ESAPI__esapi-java-legacy_CVE-2022-24891_2.2.3.1,0,127
eclipse__hawkbit_CVE-2020-27219_0.3.0M6,0,153
asf__commons-text_CVE-2022-42889_1.9,0,115
jlangch__venice_CVE-2022-36007_1.10.16,0,129
apache__myfaces_CVE-2011-4367_2.0.11,0,143
codecentric__spring-boot-admin_CVE-2022-46166_2.6.9,0,123
jenkinsci__workflow-cps-global-lib-plugin_CVE-2022-25174_544.vff04fa68714d,0,102
jenkinsci__workflow-multibranch-plugin_CVE-2022-25175_706.vd43c65dec013,0,102
codehaus-plexus__plexus-utils_CVE-2022-4244_3.0.23,0,113
apache__mina-sshd_CVE-2023-35887_2.9.2,0,187
square__retrofit_CVE-2018-1000850_2.4.0,0,113
apache__rocketmq_CVE-2023-37582_4.9.6,0,155
apache__incubator-dubbo_CVE-2021-30181_2.6.8,0,187
apache__rocketmq_CVE-2019-17572_4.6.0,0,125
jmrozanec__cron-utils_CVE-2021-41269_9.1.5,0,101
apache__jspwiki_CVE-2019-0225_2.11.0.M2,0,131
apache__jspwiki_CVE-2022-46907_2.11.3,0,138
spring-cloud__spring-cloud-gateway_CVE-2022-22947_3.0.6,0,129
diffplug__goomph_CVE-2022-26049_3.37.1,0,116
apache__jspwiki_CVE-2019-10078_2.11.0.M3,0,140
apache__jspwiki_CVE-2019-10089_2.11.0.M4,0,159
apache__shiro_CVE-2023-46749_1.12.0,0,126
apache__jspwiki_CVE-2019-10076_2.11.0.M3,0,146
apache__jspwiki_CVE-2019-10077_2.11.0.M3,0,143
apache__shiro_CVE-2023-34478_1.11.0,0,125
undertow-io__undertow_CVE-2014-7816_1.0.16.Final,0,119
jenkinsci__perfecto-plugin_CVE-2020-2261_1.17,0,100
perwendel__spark_CVE-2018-9159_2.7.1,0,106
vert-x3__vertx-web_CVE-2018-12542_3.5.3.CR1,0,122
apache__sling-org-apache-sling-servlets-resolver_CVE-2024-23673_2.10.0,0,111
codehaus-plexus__plexus-archiver_CVE-2018-1002200_3.5,0,103
vert-x3__vertx-web_CVE-2019-17640_3.9.3,0,128
jenkinsci__workflow-cps-plugin_CVE-2022-25173_2646.v6ed3b5b01ff1,0,106
spring-cloud__spring-cloud-config_CVE-2020-5410_2.1.8.RELEASE,0,113
spring-cloud__spring-cloud-config_CVE-2020-5405_2.1.6.RELEASE,0,113
nahsra__antisamy_CVE-2016-10006_1.5.3,0,101
nahsra__antisamy_CVE-2017-14735_1.5.6,0,102
x-stream__xstream_CVE-2021-21345_1.4.15,0,108
SpringSource__spring-security-oauth_CVE-2018-1260_2.3.2.RELEASE,0,188
ESAPI__esapi-java-legacy_CVE-2022-23457_2.2.3.1,0,120
zeroturnaround__zt-zip_CVE-2018-1002201_1.12,0,109
alibaba__one-java-agent_CVE-2022-25842_0.0.1,0,106
jenkinsci__script-security-plugin_CVE-2023-24422_1228.vd93135a_2fb_25,0,103
asf__commons-io_CVE-2021-29425_2.6,0,109
apache__sling-org-apache-sling-xss_CVE-2016-5394_1.0.8,0,99
whitesource__curekit_CVE-2022-23082_1.1.3,0,99
apache__struts_CVE-2020-17530_2.5.25,0,631
rhuss__jolokia_CVE-2018-1000129_1.4.0,0,131
xuxueli__xxl-job_CVE-2020-29204_2.2.0,0,101
OWASP__json-sanitizer_CVE-2020-13973_1.2.0,0,94
jenkinsci__docker-commons-plugin_CVE-2022-20617_1.17,0,95
codehaus-plexus__plexus-archiver_CVE-2023-37460_4.7.1,0,101
codehaus-plexus__plexus-utils_CVE-2017-1000487_3.0.15,0,94
perwendel__spark_CVE-2016-9177_2.5.1,0,100
nahsra__antisamy_CVE-2022-29577_1.6.6.1,0,95
nahsra__antisamy_CVE-2022-28367_1.6.5,0,95
asf__cxf_CVE-2016-6812_3.0.11,0,1409
apache__activemq_CVE-2020-11998_5.15.12,0,4349
spring-projects__spring-framework_CVE-2022-22965_5.2.19.RELEASE,0,4908
asf__cxf_CVE-2019-17573_3.2.11,0,5205
