config,n_pairs,unparsed,yes_rate,pair_both,analytic,perm,perm_sd,excess,lo,hi,agree,agree_ind,out_tokens
Qwen3-32B no-think,299,0,0.5451505016722408,0.03678929765886288,0.24796143219874497,0.25020066889632103,0.024827507145380914,-0.2111721345398821,-0.23179830203241575,-0.18765058556391986,0.9130434782608695,0.50407713560251,20.254180602006688
Qwen3-32B think,299,1,0.7023411371237458,0.19063545150501673,0.2090580642274695,0.2107134894091416,0.0230008575163822,-0.01842261272245277,-0.059809244303755,0.025417431013075864,0.6989966555183946,0.581883871545061,1640.7709030100334
Qwen3-8B no-think,299,0,0.7190635451505016,0.046822742474916385,0.20201116318609413,0.20238573021181716,0.022948885158649734,-0.15518842071117775,-0.18293307681122134,-0.12350197425084733,0.9130434782608695,0.5959776736278117,17.959866220735787
Qwen3-8B think,299,5,0.4899665551839465,0.22073578595317725,0.2498993299851232,0.25191750278706804,0.02398223935978694,-0.02916354403194596,-0.07553886421852105,0.016001778503595902,0.6153846153846154,0.5002013400297536,2418.098662207358
Qwen3-8B budget 4096,298,0,0.5268456375838926,0.2080536912751678,0.24927931174271428,0.24945190156599556,0.024761824070014857,-0.04122562046754649,-0.08757966983469215,0.00553318262690872,0.6308724832214765,0.5014413765145714,
phi-4 direct,299,3,0.8244147157190636,0.026755852842809364,0.14475509222491917,0.14478260869565218,0.017806310288134848,-0.11799923938210981,-0.14666579512533418,-0.08900047258979209,0.9498327759197325,0.7104898155501616,64.0
phi-4 CoT,299,0,0.5668896321070234,0.21739130434782608,0.24552577711658707,0.24675585284280938,0.024109266571954637,-0.028134472768760993,-0.07126353452422232,0.020431259158174887,0.6688963210702341,0.5089484457668259,483.5083612040134
self-consistency k=5,298,0,0.761744966442953,0.1174496644295302,0.18148957254177742,0.1812863534675615,0.020054686905955067,-0.06403990811224722,-0.10095265979009957,-0.025702459911715707,0.8120805369127517,0.6370208549164451,
granite-8b (all 913 pairs),907,0,0.8792723263506064,0.02866593164277839,0.10615250246459913,0.10625872840867329,0.008335257585235517,-0.07748657082182074,-0.09372700264632912,-0.06017811818892387,0.9570011025358324,0.7876949950708017,
phi-3.8b (all 913 pairs),907,0,0.5110253583241455,0.06504961411245866,0.24987844147382418,0.249672914369717,0.014305849829558822,-0.18482882736136552,-0.20137951453171404,-0.16841186216721835,0.8908489525909592,0.5002431170523516,
qwen-7b (all 913 pairs),907,0,0.041345093715545754,0.007717750826901874,0.039635676941198496,0.03993017273061374,0.004700526613616409,-0.03191792611429662,-0.04323939341079853,-0.02070743415478534,0.9790518191841234,0.920728646117603,
qwen-1.5b (all 913 pairs),907,0,0.12458654906284454,0.0033076074972436605,0.10906474085545598,0.10815141492098496,0.007731228497139429,-0.10575713335821231,-0.12150260925376437,-0.08981716382077896,0.9823594266813671,0.7818705182890882,
deepseek-6.7b (all 913 pairs),907,0,0.0,0.0,0.0,0.0,0.0,0.0,0.0,0.0,1.0,1.0,
