k,config,det,rec,z_det,z_rec,saturated
5,random (matched budget),5.7045,0.20471800144300145,0.0,0.0,3
5,qwen-1.5b rank,2.0,0.125,-2.8733637309487507,-1.498353840606961,3
5,qwen-1.5b filter,3.36,0.19521387214688318,-1.8184913665027256,-0.17863654851716226,3
5,phi-3.8b rank,1.0,0.1,-3.6490051753943575,-1.9682457763946033,3
5,phi-3.8b filter,5.475,0.16488064743727726,-0.17800971150026731,-0.7487700556162933,3
5,qwen-7b rank,5.0,0.32222222222222224,-0.5464393976119303,2.208571430606663,3
5,qwen-7b filter,4.665,0.19051906495898208,-0.8062792815012085,-0.2668786300240658,3
5,granite-8b rank,4.0,0.20595238095238094,-1.3220808420575372,0.023200999086357168,3
5,granite-8b filter,5.635,0.19903019839276745,-0.05390708038897011,-0.1069061114261325,3
5,deepseek-6.7b rank,4.0,0.18196248196248196,-1.3220808420575372,-0.42770540394218837,3
5,deepseek-6.7b filter,6.415,0.2063469476732598,0.5510932462786035,0.030617147897203344,3
5,ORACLE (TPs first),10.0,0.6556303963071919,,,3
10,random (matched budget),7.533,0.3106287613706122,0.0,0.0,3
10,qwen-1.5b rank,5.0,0.3583333333333333,-2.1131009976630706,0.740237498968995,3
10,qwen-1.5b filter,4.425,0.25819912523020255,-2.592782432189824,-0.8135568800147659,3
10,phi-3.8b rank,4.0,0.13110804174340088,-2.9473295794487284,-2.785644290316803,3
10,phi-3.8b filter,7.935,0.2525911377986654,0.33535988987783366,-0.9005766858693209,3
10,qwen-7b rank,8.0,0.4611471861471862,0.3895847476939017,2.33561224262599,3
10,qwen-7b filter,6.38,0.28563907026061724,-0.9618655547988635,-0.38776799971553977,3
10,granite-8b rank,6.0,0.3148382004735596,-1.2788724158774132,0.06531836562883485,3
10,granite-8b filter,7.535,0.30516370492613587,0.0016684571635711312,-0.08480192878252543,3
10,deepseek-6.7b rank,5.0,0.24826839826839825,-2.1131009976630706,-0.9676531476617019,3
10,deepseek-6.7b filter,7.98,0.31527161014246646,0.3729001760581889,0.07204363484603508,3
10,ORACLE (TPs first),10.0,0.7434036497572409,,,3
20,random (matched budget),9.2685,0.46906358225108225,0.0,0.0,4
20,qwen-1.5b rank,6.0,0.4809523809523809,-4.260978051933798,0.20334664446189715,4
20,qwen-1.5b filter,6.805,0.37468488754952844,-3.2115402878809585,-1.614258207110397,4
20,phi-3.8b rank,8.0,0.3676634139341322,-1.6536792592559344,-1.7343538647744976,4
20,phi-3.8b filter,9.09,0.47566777831591367,-0.23270141724649887,0.11295852027549602,4
20,qwen-7b rank,9.0,0.5607236532650898,-0.35002986291700255,1.5677587231586014,4
20,qwen-7b filter,8.045,0.43769361830618736,-1.5950150364206825,-0.5365535295326574,4
20,granite-8b rank,7.0,0.46563185126721046,-2.9573286555948664,-0.0586965090249215,4
20,granite-8b filter,9.175,0.4659080809077356,-0.12189121855768857,-0.05397186258141081,4
20,deepseek-6.7b rank,9.0,0.5263461369814961,-0.35002986291700255,0.9797638586783585,4
20,deepseek-6.7b filter,8.7,0.46108028090693837,-0.7411246818186831,-0.1365468102241888,4
20,ORACLE (TPs first),10.0,0.7868072995144819,,,4
