project,paths,tps,rank,random,excess,binds
ff4j_CVE-2022-44262_1.8.13,1413,181,0.0,0.006941988950276242,-0.006941988950276242,True
commons-text_CVE-2022-4288,230,36,0.05555555555555555,0.043375,0.012180555555555556,True
esapi-java-legacy_CVE-2022,198,99,0.020202020202020204,0.05056565656565657,-0.030363636363636367,True
plexus-utils_CVE-2022-4244,152,8,0.0,0.068125,-0.068125,True
zt-zip_CVE-2018-1002201_1.,71,7,0.2857142857142857,0.14321428571428568,0.14250000000000002,True
antisamy_CVE-2017-14735_1.,33,4,0.25,0.294125,-0.044125000000000025,True
plexus-archiver_CVE-2018-1,30,3,1.0,0.3448333333333334,0.6551666666666667,False
cron-utils_CVE-2021-41269_,26,1,1.0,0.3825,0.6174999999999999,False
workflow-cps-global-lib-pl,13,4,1.0,0.766125,0.23387500000000006,False
sling-org-apache-sling-xss,1,1,1.0,1.0,0.0,False
